Date,predii,W0lly1,oGavin,Noahkup,Wavesea,Lirdak,Lizarazzo,ItsNitroTiger,Knickii,gummywroms,Ninjaisaac04,itsyeboikenny3,Awre_,Bruno__Gamer,AiroKun,GamerGrowl,29J29,MrPigster,X_SUS,axoleoo,Yuiias,Adwertise,MrrMe,Viilmer,Finmin_,LandonLegends,SouperLucky_,Shalomanon,Skechty,Truston,ITrulyMystic,loserdom,arrf,NotKevin,IamMrFrosty,Weeble,VibeSnek,MunchSuccs,ubhi,oGarfield,Applecake_,pkmnmstr,ReadyReddyPanda,sturmcheese,Istromus,lonelyindark123,enablin,iceboy9665,DaRealDaDawg02,TTortel,DarkerPaniel,YourFriendlyDuck,DJLKO,Sorday,Border,ZHopes,oHaygrayk,ilyExample,priimme,FireBreathMan,Kaos21a,grantmonkeis,Trustxn,Aleksa445,Toph033,AngyCat,Tiddleyglint09,gummybaers,SekkenIsSoap,C10WD,llizzybeth,BBBBBBBBBBB6,yWilpi,Tristanbubba,Brinj,Ryverse,Sncm,Redd_Zee,kingpizzapants,SmallTwig,MutualFeelings,5hk,DarkMojo,DerGehasste,etery,Prusso,b5_,Coolests,WhyCheese_,aashh,oSlyin,aZen0,Andyboyhalo,Entity_666,Whalery,Ondih,ItzChoco,Tymandu,Red1y,Meirdom,darkleonard2,ZENDYM0N,MoistClicks,countrfeit,EAidan,ardenez,Tyl3rr,OGSoup,Unicarnage,Fotii,GoatedFenris,Evpark,JackCasYT,Monkeiys,Ac3___,cwnnr,PapaShey,SpiredDwarf,HashtenWasTaken,Klyze,Orange_Chicken,PressuredPotato,SuperS58,germina,Hoamie,turtlegunner95,qEclipse,zanezzz,audjohn247,LucyHexes,aussiej4ck,StillSleepinq,AssistGoat,BlueDino_,MrLuckyBlockMod,h0nesty,iljone,SmartTortoise,Stevy_,SbGe,BoredLmao,kailyy,dGc_,CJ_Johanson_13,explicy,StonePhantom40,Pers0nified,nightmarepi,6irb,solnyy,TSchone12,Trualist,Gxdda,CarvedChalk8624,JackDaily,chumpee,Jattos,Timepass,skybattlekiller,IRONSTARR,Youhomehugg,FestiveGod,Coldified,Mothoz,Mxmess,AProfLoser,Noname4297,Vipsyy,TryHqrdGinger,Alebrazil,samdave,Wailable,IamCani,Kyrie_Gamin,Aries2006,bapssystan,Lizariam,ThatOneG5Y,FireDrag_,snakevnm,Skybattledemon,DeltaRGD,kwibu,thisandthat777,MarcusDoesMC,_CertifiedRat,MisticSins,Yaxz_,TiennyLaurens,BlueDude21,SpeedyGRT,Nikkiisamogus,DeltaP1xel,hminer5000,tqrm,Vitimip,CaVeYt2,TechnoIsPog,EpicCentral,AdamsHere,EpicFH,Thunder_Zach,Egancrands,1zg,sofeeuhh,xdhallows,okish,Java_Jones,DiamondNotNub,SveatyYT,Pocketdiamond,Butterbro,MaMilkMan,XD_Murky,ChoccyGod,Clapey,WeaselPog,quaogo,DefaultTem,GamingSuit76,vhot,CuriousSmudge,Tivaso,FruitMango,Nlikachu,Vrampage2004,lynrose,dolphinman_rl,SkywarsMenace,PolarPsyche,Willif,Baden1212,HeecticMC_,Goldenape,DAWSONAS,JackRaggit,Tumbolixan,SmileyDimple,Django_Moses,E_SPIKE,solarityy_,oPumpkins,MCmorganplayz,Woltry,Piints,Zombiewarlord_,MasterGarf,Canspi,_drained,ThePikeman,Footi_,Clqrke,StormyDuckMaster,ccraze,Hippir,ObbiesAreHard12,Theflamingsouls,realBorisCrafter,Iamcrafter_,Maddieluna,Pwum,Bu_d,UhDu,Shakystan,Dcrpy,Xpeksen,HaiPasha,Dequaz,CxrtxR,Flashstar101,LegionX289,cthooloo,NateSender,Azuranv2682,Snoof_,HueyPenguin,Lasher244,Heyl0_,Studn,FoofFreja,NotAnder,Sage_Z1,MqskedKilla,blue_sand101,UmbreonEG,Snomified,Jwiky,DerpMask,KianStone,Snoae,JonHesley,ImAmGoat,Diseased_Avocado,randoms_,Eoris,misscomunication,Crimsonbtw,TheUltimaChicken,xpieps_,SZeph,Wandoyl,ItsAllay,Kup1995,GlaszM,Oneill900,jlobudder,VonKnudsen,NickeWilde,Droughted,DapDaddy,SuperNeon4ik,ImTwiggy,weirdmf,69rs,Buof,_Bistouquette_,Croatex,Hotbuns98,yay7,ihywhoami,ShakyBTW,DDigitall,LovedOnes,Tussenhaayie,baBaBAAAAAAAAAA,STO3,puhpow,NotSouls,AvaJC,Jqsoom,chomperpop111,zSenceee,ZYN1X,IvarDoge,Loopley,Spintown,toadIDK,miniarno,Mystik_Owl,HeyJose,BoboRozo,FruitlessGaming,TheNolle,NikolaFlame,IcyJ,TheIdiotGamer,BlueTigerTheLion,GoodAtEverything,Taranthegenius,RiceInRealTime,Rivercaesar1128,IdleSnowy,Aquahornet,SweatTqggled,blinktoggled,Old_Fun_Mature,sadshepherdgirl,YoYoS1ime,HyperTotodile,OogeyWoogey,dwayneee,OrnateLeopard75,mightybrothers1,Monky_Max,DjFFoxie,HeyStrike,Fletch423,KrxyDylan,soul_mp4,FrenchBozoMation,TheFastestPro,chickenchats,trial,oColt_,Floogel,OORBENFINITY,emeleMc,Blays,DONG_FORTNITE,notNickk_,SparkleDusk,B1x,Mr_Minecraft_Ash,zemotts10,TayV2,Synx__1,Zadok_Z,Kwishy_,Burrable,LittleFlame,StacyMissa,electrogirl03,GlitchyBurger,TheFox580,akmatras,MonkeHasNuts,Nuttering,Cheeseman69420,Geckoraid,IndianaCats,PurpleFrogs,RoboMeldan,WeNeedSnow,AkaDoggy,Aqua_Plays,swaeshy,UhLenny,roxxadine,Stravilight,Banbis,_Natty_,Febloop,Bunnybutnot,KatieMarieRose_,SammLIVE,Orliix,Orange364,ReallyOliver,Straight,ShadowDragoMC,SeaBubblez,dorkylesbian,celestialrain,lcya,dashrip,Vodball,Zolvd
2022-01-22,0,0,0,0,0,575,639,515,0,0,0,0,649,0,0,236,0,0,0,0,0,0,0,0,0,0,0,0,0,0,0,0,0,0,0,0,0,0,0,0,0,0,0,0,254,0,0,0,0,0,0,0,0,0,0,0,0,0,0,0,0,0,0,88,0,0,0,0,0,0,82,0,0,0,0,0,0,0,0,0,0,0,0,0,0,0,0,0,265,0,0,0,0,147,0,0,0,0,0,0,0,0,0,0,0,423,0,0,0,0,0,0,0,0,0,0,837,0,0,0,0,0,0,0,0,0,0,0,0,0,0,0,0,0,0,0,0,0,0,0,0,0,0,0,0,0,0,0,0,0,0,0,0,0,0,0,0,0,0,0,300,0,0,0,0,0,0,0,0,0,0,0,554,0,0,0,0,0,0,0,0,0,0,0,0,236,0,0,0,0,0,0,0,0,0,0,0,0,0,0,0,0,0,0,0,0,0,0,0,0,0,0,0,0,0,0,0,0,0,0,0,0,0,0,0,0,0,0,0,0,0,0,0,0,0,0,0,0,0,0,0,0,0,221,0,0,0,0,0,0,0,0,0,0,0,0,0,0,0,0,0,0,0,0,0,0,0,0,0,0,0,0,0,0,0,0,0,0,0,0,296,0,0,292,0,0,0,0,0,0,0,0,0,0,0,0,0,0,0,0,0,0,0,0,0,0,0,0,0,0,0,0,0,0,0,0,0,0,0,0,0,0,238,0,0,0,0,0,0,0,0,0,0,0,0,0,0,0,0,0,0,0,0,0,0,0,0,0,0,0,0,0,0,197,0,0,0,0,0,0,0,0,0,0,0,0,0,0,0,0,0,0,0,0,0,0,0,0,0,0,124,0,0,0,0,0,0,0,0,93,0,0,0,0,79,0,0,0,0,0,0,0,10,0,0,0,0,0,0,0,0,0,0,0,0,0,0,0,0,0,0,0,0,0,0,0,0
2022-02-05,0,617,0,453,418,575,639,849,0,0,0,0,649,0,0,236,0,0,0,0,0,0,0,0,0,0,0,0,0,0,0,0,0,0,0,0,0,0,0,455,0,0,0,0,663,0,0,0,0,0,0,0,0,0,0,0,0,0,0,0,401,0,0,88,0,0,0,0,0,0,185,0,0,0,0,0,0,0,0,0,0,338,0,0,0,0,0,0,265,0,0,0,0,147,0,0,0,0,0,0,0,0,0,0,0,423,0,0,0,0,0,0,0,0,0,0,837,0,0,0,0,0,0,0,0,0,0,0,0,0,0,0,0,0,0,0,0,306,0,0,0,0,0,0,0,0,0,0,0,0,0,0,0,0,0,0,0,0,0,0,300,0,0,0,0,0,0,0,0,0,0,0,554,0,0,0,0,0,0,0,0,0,0,0,0,236,0,0,0,0,0,0,0,0,0,0,0,0,0,0,0,0,0,0,0,0,0,0,0,0,0,0,0,0,0,0,0,0,0,0,0,0,0,0,0,0,0,0,0,0,0,0,0,0,0,0,0,0,0,0,0,0,0,221,0,0,0,0,0,0,350,0,0,0,0,0,0,0,0,0,0,0,0,0,0,0,0,0,0,0,0,0,0,0,0,0,0,0,0,0,296,0,0,292,0,0,0,0,0,0,0,0,0,0,0,0,0,0,0,0,0,0,0,0,0,0,0,0,0,0,0,0,0,128,0,0,0,0,0,0,0,0,238,0,0,0,0,0,0,0,0,0,0,0,0,0,0,0,0,0,0,0,0,0,0,0,0,0,0,0,0,0,0,197,197,0,0,0,0,0,0,0,0,0,0,0,0,0,0,0,0,0,0,0,0,0,130,0,0,0,124,0,110,0,0,0,0,0,0,93,0,0,0,0,79,79,0,0,0,0,0,0,10,0,0,0,0,0,0,0,0,0,0,0,0,0,0,0,0,0,0,0,0,0,0,0,0
2022-02-12,0,1285,0,969,741,1152,639,1148,0,0,0,0,809,0,899,677,0,0,0,0,0,0,0,0,0,0,0,0,0,0,301,0,0,0,394,0,0,0,0,670,0,0,0,0,867,0,0,0,0,0,0,0,290,0,0,0,0,0,0,0,401,0,0,162,0,0,0,0,0,0,271,0,0,0,0,0,0,0,0,0,0,493,0,0,0,0,0,0,265,0,0,0,0,317,0,0,0,0,0,0,0,0,0,0,0,423,0,0,0,0,0,0,0,0,0,0,837,0,0,0,0,0,0,0,0,0,0,0,0,0,0,0,0,0,0,0,0,494,0,0,0,0,0,0,0,0,0,0,0,642,0,0,0,0,0,0,0,0,0,0,300,0,0,0,0,0,0,0,0,0,0,0,554,0,0,0,0,0,0,0,0,0,0,0,0,236,0,0,0,0,0,0,0,0,0,0,0,0,0,0,0,0,0,0,0,0,0,0,0,0,0,0,0,0,0,0,0,0,0,0,0,0,0,0,0,0,0,0,0,0,0,0,0,0,0,0,0,0,0,0,0,0,0,221,0,0,0,0,0,0,350,0,0,0,0,0,0,0,0,0,0,0,0,0,0,0,0,0,0,0,0,0,0,0,0,0,0,0,0,0,296,0,0,292,0,0,0,0,0,0,0,0,0,0,0,0,0,0,0,0,0,0,0,0,0,0,0,0,0,0,0,0,0,250,0,0,0,0,0,0,0,0,238,0,0,0,0,0,0,0,0,0,0,0,0,0,0,0,0,0,0,0,0,0,0,0,0,0,0,0,0,0,0,197,197,0,0,0,0,0,0,0,0,0,0,0,0,0,0,0,0,0,0,0,0,0,130,0,0,0,124,0,110,109,0,0,0,0,0,93,0,0,0,0,79,79,0,0,0,0,0,0,10,0,0,0,0,0,0,0,0,0,0,0,0,0,0,0,0,0,0,0,0,0,0,0,0
2022-02-19,0,1655,0,969,1107,1152,639,1485,0,0,0,0,1344,0,1815,677,0,0,0,0,0,0,361,0,0,0,0,0,0,0,552,0,0,0,719,0,0,0,0,670,0,0,0,0,867,0,0,0,0,0,0,0,574,0,0,0,0,0,0,0,401,0,0,164,0,0,0,0,0,518,345,0,0,0,0,0,0,0,0,0,0,493,0,0,0,0,0,0,265,0,0,0,0,317,0,0,0,0,0,0,0,0,0,0,0,423,0,0,0,0,0,0,0,0,0,0,837,0,0,0,0,0,0,0,0,0,0,0,0,0,0,0,0,0,0,0,0,494,0,0,0,0,0,0,0,0,0,0,0,642,0,0,0,0,0,0,0,0,0,0,584,0,0,0,0,0,0,0,0,0,0,0,554,0,0,0,0,0,0,0,0,0,0,0,0,501,0,0,0,0,0,0,0,0,0,0,0,0,0,0,0,0,0,0,0,0,0,0,0,0,0,0,0,0,0,0,0,0,0,0,0,0,0,0,0,0,0,0,0,0,0,0,0,0,0,0,0,0,0,0,0,0,0,221,0,0,0,0,0,0,350,0,0,0,0,0,0,0,0,0,0,0,0,0,324,0,0,0,0,0,0,0,0,0,0,0,0,0,0,0,296,0,0,292,0,0,290,0,0,0,0,0,0,277,0,0,0,0,0,0,0,0,0,0,0,0,0,0,0,0,0,0,0,250,0,0,0,0,0,0,0,0,238,0,0,0,0,0,0,0,0,0,0,0,0,0,0,0,0,0,0,0,0,0,0,0,0,0,0,0,0,0,200,197,197,0,0,0,0,0,0,0,0,0,0,0,0,0,0,0,0,0,0,0,0,0,130,0,0,0,124,0,110,109,0,0,0,0,0,93,0,0,0,0,79,79,0,0,0,0,0,0,10,0,0,0,0,0,0,0,0,0,0,0,0,0,0,0,0,0,0,0,0,0,0,0,0
2022-03-05,0,1901,0,1191,1572,1152,1048,1785,0,536,0,456,1729,0,2462,677,0,0,0,0,152,0,932,0,0,0,0,0,608,0,552,0,0,0,994,0,0,0,0,670,0,0,0,0,867,0,0,0,0,0,0,0,574,0,0,0,0,0,0,0,401,0,0,164,0,0,0,0,0,947,382,0,0,0,0,0,0,0,0,0,0,493,0,0,0,0,0,0,265,0,0,0,0,678,0,0,0,0,0,0,0,0,0,0,0,423,0,0,0,0,0,0,0,0,0,0,837,0,0,0,0,0,0,0,0,0,0,0,0,151,0,0,0,0,0,0,0,494,0,0,0,0,0,0,0,0,0,0,0,642,0,0,0,0,0,0,0,0,0,0,584,0,0,0,0,0,0,0,0,0,0,0,554,0,0,0,0,0,0,0,0,0,0,0,0,501,0,0,0,0,0,0,0,0,0,0,0,0,0,0,0,0,0,0,0,0,0,0,0,0,0,0,0,0,0,0,0,0,0,0,0,116,0,0,0,0,0,0,0,0,393,0,0,0,0,0,0,0,0,0,0,0,0,221,0,0,0,0,0,0,350,0,0,0,0,0,0,0,0,0,0,0,0,0,324,0,0,0,0,0,0,0,0,0,0,0,0,0,0,0,296,0,0,292,0,0,290,0,0,0,0,0,0,277,0,0,0,0,0,0,0,0,0,0,0,0,0,0,0,0,0,0,0,250,0,0,0,0,0,0,0,0,238,0,0,0,0,0,0,0,0,0,0,0,0,0,0,0,0,0,0,0,0,0,0,0,0,0,0,0,0,0,200,197,197,0,0,0,0,0,0,0,0,0,0,0,0,0,0,0,164,0,0,0,0,0,130,0,0,0,124,0,110,109,0,0,0,0,0,93,0,0,0,0,79,79,0,0,0,0,0,0,10,0,0,0,0,0,0,0,0,0,0,0,0,0,0,0,0,0,0,0,0,0,0,0,0
2022-03-12,0,2707,200,1731,1934,1770,1331,2292,0,1234,0,802,2253,0,2462,1238,0,0,0,0,507,0,932,0,0,0,0,0,608,0,952,0,0,0,1294,0,0,0,0,1147,0,0,0,0,867,0,0,0,0,0,0,0,842,0,0,0,0,0,0,0,401,0,0,271,0,0,0,0,0,947,648,0,0,0,0,0,0,0,0,0,0,493,0,0,0,0,0,0,265,0,0,0,0,678,0,0,0,0,0,0,0,0,0,0,0,423,0,0,0,0,0,0,0,0,0,0,837,0,0,0,0,0,0,0,0,0,0,0,0,151,0,0,0,0,0,0,0,494,0,0,0,0,0,0,0,0,0,0,0,642,0,0,0,0,0,0,0,0,0,0,584,0,0,0,0,0,0,0,0,288,0,0,554,0,0,0,0,0,0,0,0,0,0,0,0,501,0,0,0,0,0,0,0,0,0,0,0,0,0,0,0,0,0,0,0,0,0,0,0,0,0,0,0,0,0,0,0,0,0,0,0,116,0,0,0,0,0,0,0,0,393,0,0,0,0,0,0,0,0,0,0,0,0,221,0,0,0,0,0,0,350,0,0,0,0,0,0,0,0,0,0,0,0,0,324,0,0,0,0,0,0,0,0,0,0,0,0,0,0,0,296,0,0,292,0,0,290,0,0,0,0,0,0,277,0,0,0,0,0,0,0,0,0,0,0,0,0,0,0,0,0,0,0,250,0,0,0,0,0,0,0,0,238,0,0,0,0,0,0,0,0,0,0,0,0,0,0,0,0,0,0,0,0,0,0,0,0,0,0,0,0,0,200,197,197,0,0,0,0,0,0,0,0,0,0,0,0,0,0,0,164,0,0,0,0,0,130,0,0,0,124,0,110,109,0,0,0,0,0,93,0,0,0,0,79,79,0,0,0,0,0,0,10,0,0,0,0,0,0,0,0,0,0,0,0,0,0,0,0,0,0,0,0,0,0,0,0
2022-03-26,0,3919,534,2625,2825,2439,1331,2722,0,1631,0,1051,2253,272,2462,1722,0,0,0,0,507,0,1669,385,0,0,0,0,878,0,952,0,0,0,1663,0,0,0,0,1147,0,0,0,0,867,0,0,0,0,0,0,0,842,0,0,0,0,0,0,0,401,0,0,271,0,0,0,0,0,947,854,0,0,0,0,0,0,0,0,0,453,493,0,0,0,0,0,0,265,0,0,0,0,678,0,0,0,0,0,0,0,0,0,0,0,423,0,0,0,0,0,0,0,0,0,0,837,0,0,0,0,0,244,0,0,0,0,0,0,437,191,0,0,0,0,0,0,494,0,0,0,0,0,0,0,0,0,0,0,642,0,0,0,0,0,0,370,0,0,0,584,0,0,0,0,0,0,0,0,288,0,0,554,0,0,0,0,0,0,0,0,0,0,0,0,501,0,0,0,0,0,0,0,0,0,0,0,0,0,0,0,0,0,0,0,0,0,0,0,0,0,0,0,0,0,0,0,0,0,0,0,116,0,0,0,0,0,0,0,0,393,0,0,391,0,0,0,0,0,0,0,0,0,221,0,0,0,0,0,0,350,0,0,0,0,0,0,0,0,0,0,0,0,0,324,0,322,0,0,0,0,0,0,0,0,0,0,0,0,0,296,0,0,292,0,0,290,0,0,0,0,0,0,277,0,0,0,0,0,0,0,0,0,0,0,0,0,0,0,0,0,0,0,250,0,0,0,0,0,0,0,0,238,0,0,0,0,0,0,0,0,0,0,0,0,0,0,0,0,0,0,0,211,0,0,0,0,0,0,0,0,0,200,197,197,0,0,0,0,0,0,0,0,0,0,0,0,0,0,0,164,0,0,0,0,0,130,0,0,0,124,0,110,109,0,0,105,0,0,93,0,0,0,0,79,79,0,0,0,0,0,0,10,0,0,0,0,0,0,0,0,0,0,0,0,0,0,0,0,0,0,0,0,0,0,0,0
2022-04-02,0,4479,534,3097,3269,2439,1331,3170,0,2344,0,1576,3054,272,2462,1722,0,0,0,0,714,0,1669,385,0,0,0,0,878,0,1535,0,0,0,2082,0,0,0,0,1147,0,0,0,0,1378,311,0,0,185,0,0,0,842,0,0,0,0,0,0,0,401,0,0,352,0,0,0,0,0,947,968,0,690,0,0,0,0,0,0,0,699,493,0,0,0,0,0,0,265,0,0,0,0,678,0,0,0,0,0,0,0,0,0,0,0,423,0,0,0,0,0,0,0,0,0,0,837,0,0,0,0,0,244,0,0,0,0,0,0,437,191,0,0,0,0,0,0,494,0,0,0,0,0,0,0,0,0,0,0,642,0,0,0,0,0,0,370,295,0,0,584,0,0,0,0,0,0,0,0,288,0,0,554,0,0,0,0,0,0,0,0,0,0,0,0,501,0,0,0,0,0,0,0,0,0,0,0,0,0,0,0,0,0,0,0,0,449,0,0,0,0,0,0,0,0,0,0,0,0,0,0,116,0,0,0,0,0,407,0,0,393,0,0,391,0,0,0,0,0,0,0,0,0,361,0,0,0,0,0,0,350,0,0,0,0,0,0,0,0,0,0,0,0,0,324,0,322,0,0,0,0,0,0,0,0,0,0,0,0,0,296,0,0,292,0,0,290,0,0,0,0,0,0,277,0,0,0,0,0,0,0,0,0,0,0,0,0,0,0,0,0,0,0,250,0,0,0,0,0,0,0,0,238,0,0,0,0,0,0,0,0,0,0,0,0,0,0,0,0,0,0,0,211,0,0,0,0,0,0,0,0,0,200,197,197,0,194,0,0,0,0,0,0,0,0,0,170,0,0,0,164,0,0,0,0,0,130,0,0,0,124,0,110,109,0,0,105,0,0,93,0,0,0,0,79,79,0,0,0,0,0,0,10,0,0,0,0,0,0,0,0,0,0,0,0,0,0,0,0,0,0,0,0,0,0,0,0
2022-04-09,0,5170,534,3614,4407,3499,1331,4021,0,2344,0,2134,3054,937,2462,2388,0,843,0,615,1222,0,1669,385,0,0,0,0,1515,0,2421,0,0,0,2082,0,0,0,0,1147,0,0,0,0,2184,1012,0,0,618,0,0,0,1497,615,954,0,0,0,0,0,401,662,0,588,0,927,0,0,0,947,1166,0,1525,0,0,441,693,0,0,0,1160,493,0,0,0,0,0,0,265,0,719,0,0,678,0,0,0,0,0,0,0,0,934,590,915,423,312,0,0,0,0,565,0,389,0,0,837,0,0,0,0,824,822,0,657,0,0,0,0,437,191,0,0,0,0,0,0,494,0,0,0,0,0,0,0,0,0,0,0,642,0,633,0,0,0,0,370,295,0,0,584,0,0,0,0,0,0,0,0,288,0,0,554,550,0,533,0,0,0,0,0,0,0,0,201,501,0,0,0,0,0,0,0,0,0,0,216,0,0,0,0,0,466,0,0,0,449,0,0,0,0,0,0,0,0,0,0,0,0,0,0,116,0,0,0,0,0,407,0,0,393,0,0,391,0,0,0,0,0,0,0,0,0,361,0,0,0,0,0,0,350,0,0,346,0,0,0,0,0,0,0,0,0,326,324,0,322,0,0,0,0,0,0,0,0,0,0,0,0,0,296,0,0,292,0,0,290,0,0,0,0,0,0,277,0,0,0,0,0,0,0,0,0,0,0,0,0,0,0,0,0,0,0,250,0,0,0,0,0,0,0,0,238,0,0,0,0,0,0,0,0,0,0,0,0,0,0,0,0,0,0,0,211,0,0,0,0,0,0,0,0,0,200,197,197,0,194,0,0,0,0,0,0,0,0,0,170,0,0,0,164,0,0,0,0,0,130,0,127,0,124,0,110,109,0,0,105,0,0,93,0,88,0,0,79,79,0,0,0,0,26,0,10,0,0,0,0,0,0,0,0,0,0,0,0,0,0,0,0,0,0,0,0,0,0,0,0
2022-04-16,0,5170,1044,4430,4855,3499,1331,4673,0,3172,0,2134,3722,1255,2462,2388,0,1260,0,965,1222,266,1966,385,0,0,0,0,1515,0,2421,0,556,0,2516,273,0,0,337,1347,0,0,0,248,2735,1397,0,432,618,0,0,0,1497,615,1617,0,0,0,0,0,401,888,0,588,0,927,282,0,0,1420,1166,0,1525,0,0,441,1076,0,0,0,1160,493,0,0,0,0,0,0,265,0,719,0,0,678,0,0,0,0,0,0,0,0,934,590,915,423,645,0,0,0,0,565,0,853,0,0,837,0,0,402,463,824,822,0,809,0,0,0,0,437,409,0,0,0,0,0,0,494,0,0,0,0,327,0,464,0,0,0,0,642,0,633,0,0,0,0,595,295,0,0,584,0,0,0,0,0,0,0,0,288,0,0,554,550,0,533,0,0,0,238,0,0,0,0,201,501,181,0,494,0,0,0,178,0,0,0,216,0,0,0,0,0,466,0,0,0,449,0,0,0,0,0,0,0,426,0,0,0,0,0,0,116,0,0,0,0,0,407,0,395,393,393,0,391,0,0,0,0,371,0,0,0,0,361,0,0,0,0,0,0,350,0,0,346,0,0,0,0,0,0,0,0,0,326,324,0,322,0,0,0,0,0,0,0,0,0,0,0,0,0,296,0,0,292,0,0,290,0,0,0,0,0,0,277,0,0,0,0,0,0,0,0,0,265,0,0,0,0,0,0,0,0,0,250,0,0,0,0,0,0,0,0,238,238,0,0,0,0,0,0,0,0,0,224,0,0,0,0,0,0,0,0,211,0,0,0,0,0,0,0,0,0,200,197,197,0,194,0,0,0,0,0,0,0,178,0,170,0,0,0,164,164,0,0,0,134,130,0,127,0,124,0,110,109,0,0,105,0,0,93,0,88,0,0,79,79,0,0,0,0,26,0,10,0,0,0,0,0,0,0,0,0,0,0,0,0,0,0,0,0,0,0,0,0,0,0,0
2022-04-23,0,5973,1044,5279,5624,4072,1331,5177,0,3821,0,2134,4335,1576,2462,2388,0,1641,0,1471,1222,740,2427,385,0,0,208,0,1515,0,2858,0,1088,0,2516,273,315,0,796,1882,0,0,0,487,2735,1644,0,825,927,0,0,0,1497,1206,1617,0,0,0,0,0,401,888,0,588,562,1657,282,548,0,1420,1285,0,1525,389,0,570,1436,0,0,0,1351,716,0,0,0,0,0,0,265,0,719,0,0,678,0,0,0,0,0,0,0,0,934,590,915,423,645,0,0,0,0,856,0,853,0,0,837,0,0,402,825,824,822,0,809,0,0,0,0,437,409,0,0,0,302,0,0,494,0,0,0,0,327,0,464,0,0,0,0,642,0,633,0,0,0,0,595,295,0,0,584,0,0,0,0,0,0,0,0,288,0,0,554,550,0,533,0,285,0,238,0,0,0,0,201,501,181,0,494,0,191,0,178,0,483,0,216,0,0,0,0,0,466,0,0,0,449,0,0,0,0,0,0,0,426,0,0,0,416,0,0,116,0,0,0,0,0,407,0,395,393,393,0,391,0,0,0,0,371,0,0,0,0,361,211,0,0,0,0,0,350,0,0,346,0,0,0,0,0,0,0,0,0,326,324,0,322,0,0,0,0,0,0,0,0,0,306,0,0,0,296,0,0,292,0,0,290,0,0,0,0,0,0,277,0,0,0,267,0,0,0,0,0,265,0,262,0,256,256,0,0,0,0,250,0,0,0,0,0,0,240,0,238,238,0,0,231,0,0,0,0,0,0,224,0,0,0,0,0,0,0,0,211,0,0,0,0,0,0,0,0,0,200,197,197,0,194,0,0,0,0,0,0,0,178,0,170,0,0,0,164,164,0,0,0,134,130,0,127,0,124,0,110,109,0,0,105,0,0,93,0,88,0,0,79,79,0,0,0,0,26,0,10,0,0,0,0,0,0,0,0,0,0,0,0,0,0,0,0,0,0,0,0,0,0,0,0
2022-04-30,0,5973,1780,5279,6371,4072,1331,5679,0,4709,0,2455,4335,1576,3485,2388,0,1985,0,1471,1733,1166,2427,595,0,0,628,0,1515,0,2858,0,1088,0,2849,273,608,0,1322,1882,0,0,0,702,2735,1644,0,825,1220,0,0,0,1497,1206,1617,0,0,0,0,0,401,888,0,588,1161,1657,660,1250,0,1420,1443,0,1525,910,0,846,1436,0,0,0,1351,1033,0,0,0,383,0,0,742,0,719,0,0,849,296,0,0,0,0,0,1001,549,934,590,915,423,645,0,0,0,0,856,0,853,609,0,837,0,0,828,825,824,822,0,809,0,0,0,0,437,409,0,0,0,302,0,490,697,0,302,0,0,648,0,464,0,0,0,0,642,0,633,0,0,0,0,595,295,0,0,584,0,0,0,0,0,344,0,0,288,0,0,554,550,0,533,0,285,522,238,0,0,0,0,201,501,181,0,494,0,492,145,178,0,483,0,216,0,0,0,0,0,466,0,0,0,449,0,444,0,0,0,0,0,426,0,0,0,416,0,0,116,0,0,0,0,0,407,0,395,393,393,0,391,0,0,0,0,371,0,364,0,0,361,211,0,0,0,0,0,350,0,0,346,0,0,0,0,0,0,0,0,328,326,324,0,322,0,0,0,311,0,0,0,0,0,306,0,0,0,296,296,0,292,0,0,290,42,0,286,0,0,0,277,0,0,0,267,0,0,0,0,0,265,0,262,0,256,256,0,0,0,0,250,0,0,0,0,0,0,240,0,238,238,0,0,231,0,0,0,0,0,0,224,0,0,0,0,0,0,215,0,211,0,0,0,203,0,0,0,0,0,200,197,197,0,194,0,0,0,0,0,0,0,178,0,170,0,0,0,164,164,0,0,0,134,130,0,127,0,124,0,110,109,0,0,105,0,0,93,0,88,0,0,79,79,0,0,0,0,26,0,10,0,0,0,0,0,0,0,0,0,0,0,0,0,0,0,0,0,0,0,0,0,0,0,0
2022-05-07,0,5973,2282,5279,6964,4279,1331,6223,0,5493,0,2912,5031,1576,3485,2388,0,2408,642,1757,1951,1533,2427,859,0,0,955,0,1515,0,2858,0,1692,0,2849,273,963,0,1754,2519,0,0,0,915,2735,1912,454,825,1220,0,0,0,1497,1582,1617,0,0,0,383,957,401,888,0,588,1694,1657,903,1250,0,1420,1545,0,1525,1517,381,846,1436,0,0,0,1351,1033,0,0,0,383,0,0,742,0,719,0,237,849,296,0,0,0,0,0,1001,849,934,590,915,423,912,0,0,0,0,856,0,853,609,0,837,349,0,828,825,824,822,0,809,0,0,0,0,635,752,0,0,0,302,0,490,697,0,302,0,0,648,0,464,0,0,0,0,642,0,633,615,0,0,0,595,295,0,0,584,0,0,0,0,0,344,0,0,288,0,0,554,550,0,533,0,526,522,516,0,0,0,0,201,501,364,0,494,0,492,313,178,0,483,0,216,0,0,0,468,0,466,0,0,0,449,0,444,0,0,0,0,0,426,0,0,0,416,0,414,116,0,0,0,0,0,407,0,395,393,393,0,391,0,0,0,0,371,0,364,0,363,361,211,0,0,0,0,0,350,0,0,346,0,343,0,0,0,0,0,0,328,326,324,0,322,0,0,0,311,0,0,0,0,0,306,0,0,0,296,296,0,292,0,0,290,172,0,286,0,0,0,277,0,0,0,267,0,0,0,0,0,265,0,262,0,256,256,0,0,0,0,250,0,0,0,0,0,0,240,0,238,238,0,0,231,0,0,0,0,0,0,224,0,0,0,0,0,0,215,0,211,0,0,0,203,0,0,0,0,0,200,197,197,0,194,0,0,0,0,0,0,0,178,0,170,0,0,0,164,164,0,0,0,134,130,0,127,0,124,0,110,109,0,0,105,0,0,93,0,88,0,0,79,79,0,0,0,0,26,0,10,0,0,0,0,0,0,0,0,0,0,0,0,0,0,0,0,0,0,0,0,0,0,0,0
2022-05-21,773,5973,2896,5279,6964,4279,1331,6394,925,5776,493,3103,5865,1798,3485,2388,0,2408,1600,1757,2301,1885,2427,1075,0,241,1471,0,1515,0,2858,0,1692,0,2849,570,963,0,1754,2944,228,0,0,1460,2735,1912,1123,1328,1700,0,535,0,1497,1582,1617,0,0,0,1119,1362,401,1417,0,588,1694,1657,1218,1628,0,1420,1545,358,1525,1517,567,846,1436,0,0,0,1351,1033,0,0,0,883,0,0,742,0,719,0,507,849,296,0,0,0,0,0,1001,849,934,590,915,423,912,0,0,0,0,856,0,853,609,0,837,545,403,828,825,824,822,0,809,0,0,0,0,754,752,0,0,0,302,0,490,697,0,302,0,0,648,0,464,0,0,0,0,642,0,633,615,0,0,0,595,295,0,0,584,0,0,0,0,0,344,0,0,288,0,0,554,550,0,533,0,526,522,516,0,0,0,0,504,501,496,0,494,0,492,313,178,0,483,0,216,0,0,0,468,0,466,0,250,0,449,0,444,0,0,0,0,0,426,0,0,417,416,0,414,116,0,0,0,0,0,407,0,395,393,393,0,391,0,82,356,0,371,0,364,0,363,361,211,0,0,0,0,0,350,0,0,346,344,343,0,0,0,0,335,0,328,326,324,0,322,0,0,0,311,0,0,0,0,0,306,0,0,0,296,296,0,292,0,0,290,172,0,286,0,0,0,277,0,0,0,267,0,0,0,0,0,265,0,262,0,256,256,0,0,0,0,250,0,0,0,0,0,0,240,0,238,238,0,0,231,0,0,0,0,0,0,224,0,0,0,0,0,0,215,0,211,0,0,0,203,0,0,0,0,0,200,197,197,0,194,0,0,0,0,0,0,0,178,0,170,0,167,0,164,164,0,0,0,134,130,0,127,0,124,0,110,109,0,0,105,0,0,93,0,88,0,0,79,79,0,0,0,0,26,0,10,0,0,0,0,0,0,0,0,0,0,0,0,0,0,0,0,0,0,0,0,0,0,0,0
2022-05-28,1387,5973,3706,5851,7490,4279,1331,6935,925,5776,653,3451,5865,2046,4297,2388,0,2891,2545,2235,2528,1885,2427,1075,446,241,1944,0,1515,0,2858,0,1692,0,3337,570,963,0,2489,2944,665,453,0,1770,2735,1912,1867,1328,2113,0,774,0,1497,1582,1617,0,415,0,1855,1362,1060,1417,0,588,1694,1657,1218,1628,0,1420,1545,358,1525,1517,567,1017,1436,0,0,0,1351,1033,0,0,0,883,1197,0,742,0,719,0,507,849,296,0,0,0,108,340,1001,849,934,590,915,423,912,0,0,0,264,856,0,853,609,0,837,835,403,828,825,824,822,0,809,0,0,0,0,754,752,0,0,0,302,0,490,697,0,302,0,0,648,0,464,0,0,0,0,642,0,633,615,0,0,0,595,594,0,0,584,0,0,0,0,0,564,0,0,288,0,470,554,550,0,533,0,526,522,516,0,0,0,0,504,501,496,0,494,0,492,490,178,0,483,0,216,0,0,0,468,0,466,0,250,0,449,0,444,0,0,0,0,0,426,0,0,417,416,0,414,116,0,0,0,0,0,407,0,395,393,393,0,391,0,209,356,0,371,0,364,0,363,361,211,361,361,0,0,0,350,0,0,346,344,343,0,0,179,0,335,0,328,326,324,0,322,0,0,0,311,164,0,0,0,0,306,0,299,0,296,296,0,292,0,0,290,290,0,286,0,0,0,277,0,0,0,267,0,0,0,0,0,265,0,262,0,256,256,0,0,0,0,250,0,0,0,244,0,0,240,0,238,238,0,0,231,231,0,0,0,0,0,224,0,222,0,0,0,0,215,0,211,0,0,0,203,0,0,0,0,0,200,197,197,0,194,0,0,0,0,0,0,0,178,0,170,0,167,0,164,164,0,0,0,134,130,0,127,0,124,0,110,109,0,0,105,0,0,93,91,88,0,0,79,79,0,0,0,0,26,0,10,0,0,0,0,0,0,0,0,0,0,0,0,0,0,0,0,0,0,0,0,0,0,0,0
2022-06-04,1387,5973,4289,5851,7991,4539,1331,6935,925,5776,913,3803,5865,2333,4329,2388,0,3389,3225,2235,2892,1885,2427,1075,1054,958,2512,563,1515,0,2858,0,1692,372,3337,733,1397,0,2489,2944,1096,453,407,2148,2735,2242,2590,1328,2113,0,774,0,1497,1582,1617,526,767,0,1855,1362,1060,1417,803,588,1694,1657,1218,1628,0,1420,1545,358,1525,1517,567,1017,1436,0,0,0,1351,1033,0,0,0,883,1197,438,742,0,719,55,507,849,296,0,0,0,370,615,1001,849,934,590,915,423,912,0,0,0,448,856,387,853,609,0,837,835,403,828,825,824,822,329,809,0,0,0,0,754,752,0,0,0,302,0,700,697,0,302,0,0,648,0,464,0,419,0,0,642,0,633,615,0,0,0,595,594,0,0,584,0,0,0,136,231,564,0,0,559,0,556,554,550,0,533,0,526,522,516,0,0,0,0,504,501,496,0,494,0,492,490,178,0,483,0,216,0,0,0,468,0,466,0,250,0,449,0,444,0,0,0,0,0,426,0,418,417,416,0,414,116,0,0,0,341,0,407,0,395,393,393,0,391,0,209,356,0,371,0,364,0,363,361,211,361,361,0,0,0,350,0,0,346,344,343,0,0,341,0,335,0,328,326,324,0,322,0,0,0,311,164,0,0,0,0,306,0,299,0,296,296,0,292,292,0,290,290,0,286,0,0,0,277,0,0,0,267,0,0,0,0,0,265,0,262,257,256,256,0,0,0,0,250,0,0,0,244,0,0,240,0,238,238,0,0,231,231,0,0,0,0,0,224,0,222,0,0,217,0,215,0,211,209,0,204,203,0,0,0,0,0,200,197,197,0,194,0,0,0,0,0,0,0,178,0,170,0,167,0,164,164,0,0,0,134,130,0,127,0,124,0,110,109,0,0,105,0,0,93,91,88,0,0,79,79,0,0,0,0,26,0,10,0,0,0,0,0,0,0,0,0,0,0,0,0,0,0,0,0,0,0,0,0,0,0,0
2022-06-11,2450,5973,4725,6574,8730,4539,1331,7320,2234,5776,1456,3803,5865,2848,4329,2388,0,3956,3225,2681,3062,1885,3272,1426,1709,958,2822,811,1515,0,2858,0,1692,788,3337,733,1397,0,3058,2944,1504,453,879,2148,2735,2647,2590,1328,2335,427,774,511,1497,1582,1617,526,767,0,1855,1362,1607,1417,803,588,1694,1657,1218,1628,365,1420,1545,358,1525,1517,567,1337,1436,276,0,0,1351,1350,0,0,0,883,1197,438,742,0,719,55,507,849,296,524,303,0,370,615,1001,849,934,590,915,423,912,0,0,0,863,856,387,853,609,427,837,835,403,828,825,824,822,329,809,0,0,0,0,754,752,0,416,0,302,0,700,697,0,342,0,0,648,0,464,0,645,0,0,642,0,633,615,0,286,0,595,594,0,0,584,0,0,0,420,567,564,0,0,559,0,556,554,550,0,533,0,526,522,516,0,0,0,0,504,501,496,0,494,0,492,490,178,0,483,0,216,0,0,0,468,0,466,0,250,0,449,0,444,0,0,0,0,0,426,0,418,417,416,0,414,116,0,0,0,341,0,407,0,395,393,393,0,391,0,209,356,0,371,0,364,0,363,361,211,361,361,0,0,0,350,0,0,346,344,343,0,0,341,0,335,0,328,326,324,0,322,0,0,0,311,164,0,0,0,0,306,0,299,0,296,296,0,292,292,0,290,290,0,286,0,0,0,277,0,0,167,267,267,0,0,0,0,265,0,262,257,256,256,0,253,0,0,250,0,0,0,244,0,0,240,0,238,238,0,232,231,231,0,0,0,0,0,224,0,222,218,0,217,0,215,0,211,209,0,204,203,203,0,0,0,0,200,197,197,0,194,0,0,0,0,0,0,0,178,0,170,0,167,0,164,164,0,0,0,134,130,0,127,0,124,115,110,109,0,0,105,0,0,93,91,88,0,0,79,79,0,0,0,0,26,0,10,0,0,0,0,0,0,0,0,0,0,0,0,0,0,0,0,0,0,0,0,0,0,0,0
2022-06-25,3440,5973,4725,7019,8730,4539,1331,7320,3212,6620,1980,3803,5865,3138,4329,2388,0,4334,3726,3265,3452,2128,3584,1795,2319,958,3236,1346,1959,0,2858,409,1692,788,3337,733,1397,518,3058,2944,1878,453,1347,2574,2735,2647,2590,1328,2335,427,774,907,1497,1582,1617,799,767,753,1855,1852,1607,1717,1704,781,1694,1657,1218,1628,1025,1420,1545,358,1525,1517,567,1337,1436,276,0,0,1351,1350,0,0,0,1218,1197,438,742,0,719,563,824,849,296,524,303,0,370,1005,1001,849,934,590,915,423,912,0,0,888,863,856,387,853,609,427,837,835,403,828,825,824,822,628,809,0,0,0,0,754,752,0,416,0,302,0,700,697,0,342,0,0,648,0,464,443,645,0,0,642,0,633,615,0,286,0,595,594,0,585,584,583,0,0,420,567,564,0,0,559,0,556,554,550,0,533,0,526,522,516,0,0,0,0,504,501,496,0,494,0,492,490,178,0,483,0,216,475,0,0,468,0,466,0,250,0,449,447,444,0,0,0,0,0,426,0,418,417,416,0,414,413,0,0,0,341,0,407,0,395,393,393,0,391,0,209,383,0,371,370,364,0,363,361,211,361,361,0,0,352,350,350,0,346,344,343,0,0,341,340,335,329,328,326,324,0,322,0,0,0,311,164,0,0,0,307,306,0,299,0,296,296,0,292,292,292,290,290,0,286,0,283,0,277,276,0,271,267,267,267,0,0,0,265,0,262,257,256,256,0,253,0,0,250,0,0,0,244,0,0,240,0,238,238,0,232,231,231,229,0,0,0,0,224,0,222,218,0,217,0,215,0,211,209,0,204,203,203,0,0,0,0,200,197,197,0,194,0,0,0,0,0,0,0,178,0,170,0,167,0,164,164,0,0,0,134,130,0,127,0,124,115,110,109,0,0,105,0,0,93,91,88,0,0,79,79,0,0,0,0,26,12,10,0,0,0,0,0,0,0,0,0,0,0,0,0,0,0,0,0,0,0,0,0,0,0,0
2022-07-02,4496,5973,5124,7019,9545,4755,1331,7861,4525,7311,1980,4061,5865,3389,4329,2672,0,4943,4382,3803,3951,2383,4131,2294,2319,958,3734,1810,2246,0,2858,409,1692,788,3337,733,1397,982,3058,2944,1878,453,1760,2574,2735,2647,2590,1328,2335,768,774,907,1497,2009,1617,799,767,1884,1855,1852,1607,1717,1704,781,1694,1657,1218,1628,1311,1420,1545,358,1525,1517,680,1337,1436,613,0,0,1351,1350,581,0,0,1218,1197,438,742,386,719,563,1089,849,296,1018,303,0,370,1005,1001,849,934,590,915,641,912,0,0,888,863,856,387,853,609,844,837,835,403,828,825,824,822,628,809,0,0,0,0,754,752,0,416,0,302,0,700,697,0,342,0,0,648,0,464,646,645,0,0,642,0,633,615,0,598,0,595,594,0,585,584,583,0,0,420,567,564,0,0,559,0,556,554,550,0,533,0,526,522,516,0,0,0,0,504,501,496,0,494,0,492,490,488,0,483,0,216,475,473,0,468,0,466,0,250,0,449,447,444,0,0,0,0,0,426,0,418,417,416,176,414,413,0,0,0,341,0,407,0,395,393,393,0,391,0,209,383,0,371,370,364,0,363,361,211,361,361,0,0,352,350,350,349,346,344,343,0,0,341,340,335,329,328,326,324,0,322,0,0,0,311,164,0,0,0,307,306,0,299,0,296,296,0,292,292,292,290,290,0,286,0,283,0,277,276,0,271,267,267,267,0,0,0,265,265,262,257,256,256,0,253,0,0,250,0,245,0,244,0,241,240,0,238,238,237,232,231,231,229,0,0,0,225,224,0,222,218,0,217,0,215,0,211,209,0,204,203,203,0,0,0,0,200,197,197,0,194,0,0,0,0,0,0,0,178,0,170,0,167,0,164,164,0,0,0,134,130,0,127,0,124,115,110,109,0,0,105,0,0,93,91,88,0,0,79,79,0,0,0,48,26,12,10,0,0,0,0,0,0,0,0,0,0,0,0,0,0,0,0,0,0,0,0,0,0,0,0
2022-08-20,5529,6790,5685,8058,9545,5151,1992,7865,5562,7495,2260,4061,5953,3389,4329,2672,0,4943,4382,3998,4363,2383,4131,2294,2540,1615,3877,2391,2246,0,2858,819,1692,1197,3337,733,1397,1273,3058,2944,2147,453,1760,2574,2735,2647,2590,1328,2335,768,774,907,1497,2009,1617,1587,767,1884,1855,1852,1830,1717,1704,781,1694,1657,1218,1628,1311,1546,1545,358,1525,1517,680,1337,1436,971,0,0,1351,1350,581,0,0,1218,1197,562,742,1173,719,563,1089,849,296,1018,649,0,370,1005,1001,849,934,590,915,641,912,0,0,888,863,856,387,853,609,844,837,835,830,828,825,824,822,628,809,333,0,0,0,754,752,0,416,0,302,0,700,697,482,342,0,0,648,222,464,646,645,405,0,642,0,633,615,0,598,111,595,594,0,585,584,583,0,0,420,567,564,280,560,559,0,556,554,550,0,533,0,526,522,516,0,0,0,0,504,501,496,224,494,0,492,490,488,0,483,0,216,475,473,0,468,0,466,0,250,0,449,447,444,0,0,0,430,208,426,0,418,417,416,176,414,413,0,172,0,341,0,407,0,395,393,393,0,391,0,209,383,0,371,370,364,0,363,361,211,361,361,0,0,352,350,350,349,346,344,343,0,0,341,340,335,329,328,326,324,0,322,0,315,0,311,164,310,0,0,307,306,0,299,297,296,296,0,292,292,292,290,290,0,286,0,283,0,277,276,0,271,267,267,267,0,0,0,265,265,262,257,256,256,0,253,0,0,250,0,245,0,244,0,241,240,0,238,238,237,232,231,231,229,229,0,0,225,224,0,222,218,0,217,0,215,0,211,209,0,204,203,203,0,0,0,0,200,197,197,0,194,0,0,188,0,0,0,0,178,0,170,0,167,0,164,164,0,0,0,134,130,0,127,0,124,115,110,109,0,0,105,0,0,93,91,88,0,0,79,79,0,0,0,48,26,12,10,0,0,0,0,0,0,0,0,0,0,0,0,0,0,0,0,0,0,0,0,0,0,0,0
2022-08-27,6386,6790,6515,8058,9893,5870,2632,8301,5562,7495,3002,4368,5953,3667,4329,3303,290,4943,4382,3998,4363,2772,4131,2819,2719,2340,4236,2391,2884,1065,2858,819,1692,1197,3337,733,1397,1961,3058,2944,2147,453,1930,2574,2735,2647,2590,1328,2335,1133,774,1619,1497,2009,1617,1587,767,1884,1855,1852,1830,1717,1704,781,1694,1657,1218,1628,1311,1546,1545,358,1525,1517,916,1337,1436,1381,0,0,1351,1350,581,0,0,1218,1197,562,742,1173,719,563,1089,849,296,1018,649,251,370,1005,1001,849,934,590,915,641,912,0,0,888,863,856,387,853,609,844,837,835,830,828,825,824,822,628,809,588,791,0,0,754,752,0,416,0,728,0,700,697,686,342,0,0,648,222,464,646,645,405,0,642,0,633,615,0,598,348,595,594,0,585,584,583,0,0,420,567,564,280,560,559,0,556,554,550,0,533,0,526,522,516,0,0,0,0,504,501,496,496,494,0,492,490,488,488,483,291,216,475,473,0,468,281,466,0,250,0,449,447,444,0,237,0,430,208,426,0,418,417,416,176,414,413,0,411,0,341,0,407,0,395,393,393,0,391,0,209,383,0,371,370,364,0,363,361,361,361,361,0,0,352,350,350,349,346,344,343,343,219,341,340,335,329,328,326,324,0,322,0,315,312,311,164,310,310,0,307,306,0,299,297,296,296,0,292,292,292,290,290,0,286,0,283,281,277,276,0,271,267,267,267,0,27,0,265,265,262,257,256,256,0,253,0,0,250,250,245,0,244,0,241,240,0,238,238,237,232,231,231,229,229,0,0,225,224,0,222,218,0,217,0,215,0,211,209,0,204,203,203,0,0,202,0,200,197,197,0,194,0,0,188,0,0,0,0,178,0,170,0,167,0,164,164,0,0,0,134,130,0,127,126,124,115,110,109,0,0,105,0,0,93,91,88,0,0,79,79,0,0,0,48,26,12,10,0,0,0,0,0,0,0,0,0,0,0,0,0,0,0,0,0,0,0,0,0,0,0,0
2022-09-03,7062,7824,7113,8542,10496,6576,3499,8301,6544,7495,3660,4368,6677,3889,4329,3303,754,5174,4382,3998,4766,3240,4526,3356,3296,2872,4236,3173,3513,1065,3363,1033,1692,1985,3337,733,1397,1961,3058,2944,2586,865,1930,2754,2735,2647,2590,1802,2335,1133,774,1619,1497,2009,1617,1950,1402,1884,1855,1852,1830,1717,1704,781,1694,1657,1411,1628,1311,1546,1545,358,1525,1517,1042,1337,1436,1381,0,0,1351,1350,581,0,0,1218,1197,562,742,1173,719,766,1089,849,296,1018,1014,251,370,1005,1001,849,934,590,915,641,912,0,0,888,863,856,387,853,609,844,837,835,830,828,825,824,822,628,809,588,791,0,0,754,752,0,737,0,728,0,700,697,686,342,0,0,648,386,464,646,645,645,0,642,0,633,615,0,598,596,595,594,0,585,584,583,0,0,420,567,564,280,560,559,0,556,554,550,0,533,0,526,522,516,0,0,0,0,504,501,496,496,494,0,492,490,488,488,483,483,216,475,473,0,468,467,466,0,250,0,449,447,444,0,440,0,430,208,426,0,418,417,416,176,414,413,0,411,0,341,0,407,0,395,393,393,0,391,0,209,383,139,371,370,364,0,363,361,361,361,361,360,0,352,350,350,349,346,344,343,343,219,341,340,335,329,328,326,324,0,322,0,315,312,311,164,310,310,0,307,306,0,299,297,296,296,0,292,292,292,290,290,0,286,0,283,281,277,276,0,271,267,267,267,267,93,0,265,265,262,257,256,256,0,253,0,0,250,250,245,0,244,244,241,240,0,238,238,237,232,231,231,229,229,0,0,225,224,0,222,218,0,217,0,215,212,211,209,0,204,203,203,0,0,202,0,200,197,197,0,194,0,0,188,0,0,0,0,178,0,170,0,167,0,164,164,0,0,0,134,130,0,127,126,124,115,110,109,109,0,105,0,0,93,91,88,0,0,79,79,0,0,0,48,26,12,10,0,0,0,0,0,0,0,0,0,0,0,0,0,0,0,0,0,0,0,0,0,0,0,0
2022-09-17,7062,8706,7878,9281,10913,7576,4329,8651,6544,7495,4125,4793,6677,3889,4329,3871,1275,5184,4382,4484,4766,3719,4526,3789,3296,3289,4236,3710,3513,1065,3363,1341,1692,2581,3337,934,1934,1961,3058,2944,2878,1551,1930,2754,2735,2647,2590,1802,2335,1480,774,1619,1497,2009,1617,1950,1402,1884,1855,1852,1830,1717,1704,1009,1694,1657,1411,1628,1311,1546,1545,921,1525,1517,1042,1337,1436,1381,0,687,1351,1350,1295,393,0,1218,1197,562,742,1173,719,1092,1089,849,296,1018,1014,251,370,1005,1001,849,934,590,915,641,912,0,0,888,863,856,387,853,609,844,837,835,830,828,825,824,822,628,809,588,791,0,0,754,752,0,737,0,728,135,700,697,686,342,458,0,648,386,464,646,645,645,0,642,0,633,615,0,598,596,595,594,0,585,584,583,0,0,420,567,564,280,560,559,0,556,554,550,0,533,0,526,522,516,0,0,0,0,504,501,496,496,494,0,492,490,488,488,483,483,216,475,473,470,468,467,466,312,250,456,449,447,444,0,440,0,430,208,426,424,418,417,416,176,414,413,0,411,0,341,0,407,0,395,393,393,0,391,0,209,383,139,371,370,364,0,363,361,361,361,361,360,357,352,350,350,349,346,344,343,343,219,341,340,335,329,328,326,324,323,322,0,315,312,311,164,310,310,0,307,306,0,299,297,296,296,0,292,292,292,290,290,0,286,0,283,281,277,276,0,271,267,267,267,267,93,0,265,265,262,257,256,256,0,253,0,0,250,250,245,0,244,244,241,240,0,238,238,237,232,231,231,229,229,0,0,225,224,0,222,218,0,217,216,215,212,211,209,0,204,203,203,203,0,202,0,200,197,197,0,194,0,0,188,186,0,0,0,178,176,170,169,167,165,164,164,0,0,0,134,130,0,127,126,124,115,110,109,109,0,105,0,0,93,91,88,0,0,79,79,0,0,0,48,26,12,10,0,0,0,0,0,0,0,0,0,0,0,0,0,0,0,0,0,0,0,0,0,0,0,0
2022-09-24,8233,9456,8434,10090,10913,7939,4951,8651,7640,7495,4125,4793,6677,3889,4329,4198,1626,5184,4382,4484,4766,3719,4526,3789,3296,3289,4236,3710,4107,1065,3363,1564,1692,2581,3337,1324,1934,2540,3058,2944,2878,1886,1930,2754,2735,2647,2590,1802,2335,1480,774,1619,1497,2009,1617,1950,1402,1884,1855,1852,1830,1717,1704,1009,1694,1657,1411,1628,1311,1546,1545,1539,1525,1517,1042,1337,1436,1381,0,687,1351,1350,1295,788,380,1218,1197,562,1192,1173,719,1092,1089,849,296,1018,1014,251,370,1005,1001,849,934,768,915,641,912,0,0,888,863,856,387,853,609,844,837,835,830,828,825,824,822,628,809,727,791,0,0,754,752,0,737,0,728,135,700,697,686,342,458,0,648,386,464,646,645,645,0,642,0,633,615,0,598,596,595,594,0,585,584,583,0,0,420,567,564,280,560,559,0,556,554,550,0,533,0,526,522,516,0,0,0,0,504,501,496,496,494,0,492,490,488,488,483,483,216,475,473,470,468,467,466,465,457,456,449,447,444,0,440,435,430,208,426,424,418,417,416,176,414,413,413,411,0,341,0,407,0,395,393,393,0,391,0,385,383,377,371,370,364,0,363,361,361,361,361,360,357,352,350,350,349,346,344,343,343,298,341,340,335,329,328,326,324,323,322,0,315,312,311,164,310,310,0,307,306,0,299,297,296,296,0,292,292,292,290,290,0,286,0,283,281,277,276,0,271,267,267,267,267,93,266,265,265,262,257,256,256,0,253,25,0,250,250,245,0,244,244,241,240,0,238,238,237,232,231,231,229,229,0,0,225,224,223,222,218,0,217,216,215,212,211,209,0,204,203,203,203,203,202,0,200,197,197,0,194,0,0,188,186,0,182,0,178,176,170,169,167,165,164,164,0,0,148,134,130,0,127,126,124,115,110,109,109,108,105,104,0,93,91,88,0,0,79,79,0,0,68,48,26,12,10,0,0,0,0,0,0,0,0,0,0,0,0,0,0,0,0,0,0,0,0,0,0,0,0
2022-10-01,8855,10183,8797,10453,10913,8676,5799,8651,7640,7495,4572,4793,6677,4149,4329,4741,1825,5184,4382,4484,4766,4115,4526,4315,3296,3289,4236,3710,4107,1935,3363,1564,2358,2581,3337,1324,1934,2540,3058,2944,2878,2487,1930,2754,2735,2647,2590,1802,2335,2109,1060,1619,1497,2009,1617,1950,1402,1884,1855,1852,1830,1717,1704,1009,1694,1657,1647,1628,1311,1546,1545,1539,1525,1517,1042,1337,1436,1381,0,687,1351,1350,1295,1116,380,1218,1197,562,1192,1173,719,1092,1089,849,296,1018,1014,601,370,1005,1001,849,934,768,915,641,912,0,0,888,863,856,387,853,609,844,837,835,830,828,825,824,822,820,809,727,791,0,0,754,752,0,737,731,728,135,700,697,686,342,458,0,648,386,464,646,645,645,0,642,0,633,615,0,598,596,595,594,0,585,584,583,0,0,420,567,564,563,560,559,0,556,554,550,0,533,0,526,522,516,0,0,0,0,504,501,496,496,494,0,492,490,488,488,483,483,216,475,473,470,468,467,466,465,457,456,449,447,444,0,440,435,430,208,426,424,418,417,416,176,414,413,413,411,0,341,0,407,398,395,393,393,0,391,0,385,383,377,371,370,364,0,363,361,361,361,361,360,357,352,350,350,349,346,344,343,343,298,341,340,335,329,328,326,324,323,322,0,315,312,311,164,310,310,0,307,306,0,299,297,296,296,293,292,292,292,290,290,0,286,0,283,281,277,276,274,271,267,267,267,267,93,266,265,265,262,257,256,256,0,253,253,0,250,250,245,0,244,244,241,240,240,238,238,237,232,231,231,229,229,0,226,225,224,223,222,218,0,217,216,215,212,211,209,0,204,203,203,203,203,202,0,200,197,197,0,194,192,0,188,186,0,182,0,178,176,170,169,167,165,164,164,0,0,148,134,130,0,127,126,124,115,110,109,109,108,105,104,0,93,91,88,0,0,79,79,0,0,68,48,26,12,10,0,0,0,0,0,0,0,0,0,0,0,0,0,0,0,0,0,0,0,0,0,0,0,0
2022-10-15,8855,10183,8797,10453,10913,9419,6516,8651,7640,7495,5000,4793,6677,4149,5121,4741,2206,5184,4382,4484,4766,4249,4526,4315,3771,3289,4236,4226,4107,1935,3363,1564,2921,2982,3337,1324,1934,2540,3058,2944,2878,2487,2079,2754,2735,2647,2590,1802,2335,2109,1060,1904,1497,2009,1617,1950,1402,1884,1855,1852,1830,1717,1704,1305,1694,1657,1647,1628,1311,1546,1545,1539,1525,1517,1187,1337,1436,1381,0,687,1351,1350,1295,1283,380,1218,1197,562,1192,1173,1167,1092,1089,849,296,1018,1014,1011,370,1005,1001,849,934,768,915,641,912,0,0,888,863,856,387,853,609,844,837,835,830,828,825,824,822,820,809,727,791,763,0,754,752,0,737,731,728,135,700,697,686,652,458,0,648,386,464,646,645,645,269,642,0,633,615,0,598,596,595,594,0,585,584,583,575,0,570,567,564,563,560,559,0,556,554,550,0,533,0,526,522,516,0,0,0,0,504,501,496,496,494,0,492,490,488,488,483,483,216,475,473,470,468,467,466,465,457,456,449,447,444,0,440,435,430,208,426,424,418,417,416,176,414,413,413,411,0,341,0,407,398,395,393,393,393,391,0,385,383,377,371,370,364,0,363,361,361,361,361,360,357,352,350,350,349,346,344,343,343,298,341,340,335,329,328,326,324,323,322,0,315,312,311,164,310,310,0,307,306,0,299,297,296,296,293,292,292,292,290,290,0,286,0,283,281,277,276,274,271,267,267,267,267,93,266,265,265,262,257,256,256,254,253,253,0,250,250,245,0,244,244,241,240,240,238,238,237,232,231,231,229,229,0,226,225,224,223,222,218,0,217,216,215,212,211,209,0,204,203,203,203,203,202,0,200,197,197,0,194,192,0,188,186,0,182,0,178,176,170,169,167,165,164,164,0,0,148,134,130,0,127,126,124,115,110,109,109,108,105,104,0,93,91,88,0,0,79,79,0,0,68,48,26,12,10,0,0,0,0,0,0,0,0,0,0,0,0,0,0,0,0,0,0,0,0,0,0,0,0
2022-10-22,8855,10183,8797,10453,10913,9419,7039,8651,7640,7495,5000,4793,6677,4577,5469,4915,2556,5184,4382,4484,4766,4249,4526,4315,3771,3289,4236,4226,4107,1935,3363,2280,3562,2982,3337,1506,2392,2540,3058,2944,2878,2487,2079,2754,2735,2647,2590,1802,2335,2109,1060,1904,1497,2009,1978,1950,1402,1884,1855,1852,1830,1717,1704,1385,1694,1657,1647,1628,1311,1546,1545,1539,1525,1517,1187,1337,1436,1381,0,687,1351,1350,1295,1283,380,1218,1197,562,1192,1173,1167,1092,1089,849,740,1018,1014,1011,370,1005,1001,849,934,768,915,641,912,0,0,888,863,856,387,853,609,844,837,835,830,828,825,824,822,820,809,809,791,763,0,754,752,0,737,731,728,135,700,697,686,652,458,0,648,386,464,646,645,645,644,642,0,633,615,0,598,596,595,594,588,585,584,583,575,0,570,567,564,563,560,559,0,556,554,550,0,533,0,526,522,516,511,330,0,0,504,501,496,496,494,0,492,490,488,488,483,483,216,475,473,470,468,467,466,465,457,456,449,447,444,0,440,435,430,208,426,424,418,417,416,176,414,413,413,411,0,341,0,407,398,395,393,393,393,391,387,385,383,377,371,370,364,0,363,361,361,361,361,360,357,352,350,350,349,346,344,343,343,343,341,340,335,329,328,326,324,323,322,0,315,312,311,164,310,310,0,307,306,0,299,297,296,296,293,292,292,292,290,290,0,286,0,283,281,277,276,274,271,267,267,267,267,266,266,265,265,262,257,256,256,254,253,253,0,250,250,245,0,244,244,241,240,240,238,238,237,232,231,231,229,229,0,226,225,224,223,222,218,0,217,216,215,212,211,209,0,204,203,203,203,203,202,0,200,197,197,0,194,192,190,188,186,0,182,0,178,176,170,169,167,165,164,164,0,0,148,134,130,0,127,126,124,115,110,109,109,108,105,104,99,93,91,88,0,0,79,79,0,0,68,48,26,12,10,0,0,0,0,0,0,0,0,0,0,0,0,0,0,0,0,0,0,0,0,0,0,0,0
2022-11-12,9565,10183,8797,10453,10913,10149,7564,8651,7640,7495,5281,4793,6677,4577,5469,4915,2966,5184,4382,4484,4766,4502,4526,4315,3771,3289,4236,4226,4107,2522,3363,2280,3562,3196,3337,1506,2392,2540,3058,2944,2878,2487,2079,2754,2735,2647,2590,1802,2335,2109,1060,2080,1497,2009,1978,1950,1890,1884,1855,1852,1830,1717,1704,1385,1694,1657,1647,1628,1311,1546,1545,1539,1525,1517,1316,1337,1436,1381,0,687,1351,1350,1295,1283,380,1218,1197,562,1192,1173,1167,1092,1089,849,1079,1018,1014,1011,370,1005,1001,990,934,768,915,641,912,0,0,888,863,856,387,853,609,844,837,835,830,828,825,824,822,820,809,809,791,763,0,754,752,0,737,731,728,135,700,697,686,652,458,657,648,386,646,646,645,645,644,642,0,633,615,0,598,596,595,594,588,585,584,583,575,0,570,567,564,563,560,559,0,556,554,550,0,533,310,526,522,516,511,508,0,0,504,501,496,496,494,0,492,490,488,488,483,483,216,475,473,470,468,467,466,465,457,456,449,447,444,0,440,435,430,208,426,424,418,417,416,176,414,413,413,411,409,341,0,407,398,395,393,393,393,391,387,385,383,377,371,370,364,0,363,361,361,361,361,360,357,352,350,350,349,346,344,343,343,343,341,340,335,329,328,326,324,323,322,0,315,312,311,164,310,310,0,307,306,0,299,297,296,296,293,292,292,292,290,290,0,286,0,283,281,277,276,274,271,267,267,267,267,266,266,265,265,262,257,256,256,254,253,253,0,250,250,245,0,244,244,241,240,240,238,238,237,232,231,231,229,229,0,226,225,224,223,222,218,0,217,216,215,212,211,209,0,204,203,203,203,203,202,0,200,197,197,0,194,192,190,188,186,0,182,0,178,176,170,169,167,165,164,164,151,0,148,134,130,0,127,126,124,115,110,109,109,108,105,104,99,93,91,88,84,0,79,79,0,0,68,48,26,12,10,0,0,0,0,0,0,0,0,0,0,0,0,0,0,0,0,0,0,0,0,0,0,0,0
2022-11-19,9565,10183,9308,10453,10913,10149,7564,8651,7640,7495,5730,5163,6677,4577,5469,4915,3474,5184,4382,4484,4766,4502,4526,4315,3771,3289,4236,4226,4107,2522,3363,2280,3562,3196,3337,2073,2392,2540,3058,2944,2878,2487,2079,2754,2735,2647,2590,1802,2335,2109,1539,2080,1497,2009,1978,1950,1890,1884,1855,1852,1830,1717,1704,1695,1694,1657,1647,1628,1311,1546,1545,1539,1525,1517,1316,1337,1436,1381,0,687,1351,1350,1295,1283,380,1218,1197,562,1192,1173,1167,1092,1089,849,1079,1018,1014,1011,370,1005,1001,990,934,768,915,641,912,0,0,888,863,856,787,853,609,844,837,835,830,828,825,824,822,820,809,809,791,763,0,754,752,0,737,731,728,558,700,697,686,652,677,657,648,386,646,646,645,645,644,642,0,633,615,605,598,596,595,594,588,585,584,583,575,0,570,567,564,563,560,559,0,556,554,550,0,533,310,526,522,516,511,508,0,0,504,501,496,496,494,0,492,490,488,488,483,483,216,475,473,470,468,467,466,465,457,456,449,447,444,0,440,435,430,427,426,424,418,417,416,176,414,413,413,411,409,341,0,407,398,395,393,393,393,391,387,385,383,377,371,370,364,0,363,361,361,361,361,360,357,352,350,350,349,346,344,343,343,343,341,340,335,329,328,326,324,323,322,0,315,312,311,164,310,310,0,307,306,0,299,297,296,296,293,292,292,292,290,290,0,286,0,283,281,277,276,274,271,267,267,267,267,266,266,265,265,262,257,256,256,254,253,253,0,250,250,245,0,244,244,241,240,240,238,238,237,232,231,231,229,229,0,226,225,224,223,222,218,0,217,216,215,212,211,209,0,204,203,203,203,203,202,0,200,197,197,0,194,192,190,188,186,0,182,0,178,176,170,169,167,165,164,164,151,0,148,134,130,0,127,126,124,115,110,109,109,108,105,104,99,93,91,88,84,0,79,79,0,0,68,48,26,12,10,0,0,0,0,0,0,0,0,0,0,0,0,0,0,0,0,0,0,0,0,0,0,0,0
2022-12-03,9565,10183,9404,10453,10913,10149,8425,8651,7640,7495,6203,5711,6677,4577,5469,4915,3997,5184,4382,4484,4766,4502,4526,4490,3771,3897,4236,4226,4107,2522,3363,2939,3562,3196,3337,2286,2392,2540,3058,2944,2878,2487,2079,2754,2735,2647,2590,1802,2335,2306,1539,2080,1497,2009,1978,1950,1890,1884,1855,1852,1830,1717,1704,1695,1694,1657,1647,1628,1311,1546,1545,1539,1525,1517,1316,1337,1436,1381,0,1364,1351,1350,1295,1283,380,1218,1197,562,1192,1173,1167,1092,1089,849,1079,1018,1014,1011,702,1005,1001,990,934,768,915,641,912,0,0,888,863,856,787,853,609,844,837,835,830,828,825,824,822,820,809,809,791,763,478,754,752,0,737,731,728,722,700,697,686,678,677,657,648,386,646,646,645,645,644,642,0,633,615,605,598,596,595,594,588,585,584,583,575,0,570,567,564,563,560,559,0,556,554,550,0,533,310,526,522,516,511,508,0,0,504,501,496,496,494,0,492,490,488,488,483,483,216,475,473,470,468,467,466,465,457,456,449,447,444,0,440,435,430,427,426,424,418,417,416,176,414,413,413,411,411,341,0,407,398,395,393,393,393,391,387,385,383,377,371,370,364,0,363,361,361,361,361,360,357,352,350,350,349,346,344,343,343,343,341,340,335,329,328,326,324,323,322,0,315,312,311,164,310,310,0,307,306,0,299,297,296,296,293,292,292,292,290,290,0,286,0,283,281,277,276,274,271,267,267,267,267,266,266,265,265,262,257,256,256,254,253,253,0,250,250,245,0,244,244,241,240,240,238,238,237,232,231,231,229,229,0,226,225,224,223,222,218,218,217,216,215,212,211,209,209,204,203,203,203,203,202,0,200,197,197,0,194,192,190,188,186,184,182,181,178,176,170,169,167,165,164,164,151,0,148,134,130,130,127,126,124,115,110,109,109,108,105,104,99,93,91,88,84,0,79,79,0,0,68,48,26,12,10,4,0,0,0,0,0,0,0,0,0,0,0,0,0,0,0,0,0,0,0,0,0,0,0
2022-12-17,9565,10950,9934,10453,10913,10149,9170,8651,7640,7495,6581,5711,6677,4577,5469,4915,3997,5184,4382,4960,4766,4761,4526,4490,3771,4267,4236,4226,4107,2522,3891,3626,3562,3345,3337,2314,2392,3080,3058,2944,2878,2871,2079,2754,2735,2647,2590,2361,2335,2306,1539,2080,1694,2009,1978,1950,1890,1884,1855,1852,1830,1717,1704,1695,1694,1657,1647,1628,1311,1546,1545,1539,1525,1517,1469,1337,1436,1381,0,1364,1351,1350,1295,1283,380,1218,1197,1194,1192,1173,1167,1092,1089,849,1079,1018,1014,1011,702,1005,1001,990,934,768,915,641,912,0,0,888,863,856,854,853,609,844,837,835,830,828,825,824,822,820,809,809,791,763,760,754,752,0,737,731,728,722,700,697,686,678,677,657,648,386,646,646,645,645,644,642,0,633,615,605,598,596,595,594,588,585,584,583,575,0,570,567,564,563,560,559,558,556,554,550,0,533,310,526,522,516,511,508,0,0,504,501,496,496,494,0,492,490,488,488,483,483,216,475,473,470,468,467,466,465,457,456,449,447,444,0,440,435,430,427,426,424,418,417,416,176,414,413,413,411,411,341,0,407,398,395,393,393,393,391,387,385,383,377,371,370,364,0,363,361,361,361,361,360,357,352,350,350,349,346,344,343,343,343,341,340,335,329,328,326,324,323,322,0,315,312,311,164,310,310,0,307,306,0,299,297,296,296,293,292,292,292,290,290,0,286,0,283,281,277,276,274,271,267,267,267,267,266,266,265,265,262,257,256,256,254,253,253,0,250,250,245,0,244,244,241,240,240,238,238,237,232,231,231,229,229,0,226,225,224,223,222,218,218,217,216,215,212,211,209,209,204,203,203,203,203,202,0,200,197,197,0,194,192,190,188,186,184,182,181,178,176,170,169,167,165,164,164,151,0,148,134,130,130,127,126,124,115,110,109,109,108,105,104,99,93,91,88,84,0,79,79,0,0,68,48,26,12,10,4,0,0,0,0,0,0,0,0,0,0,0,0,0,0,0,0,0,0,0,0,0,0,0
2023-01-28,10504,10950,9934,10824,10913,10149,9532,8651,8795,7495,6581,5711,6677,4934,5469,5349,4235,5184,4382,4960,4766,4761,4526,4490,3771,4267,4236,4226,4107,2522,3891,3880,3562,3345,3337,2314,2878,3080,3058,2944,2878,2871,2079,2754,2735,2647,2590,2361,2335,2306,1539,2080,1694,2009,1978,1950,1890,1884,1855,1852,1830,1717,1704,1695,1694,1657,1647,1628,1311,1546,1545,1539,1525,1517,1469,1337,1436,1381,203,1364,1351,1350,1295,1283,943,1218,1197,1194,1192,1173,1167,1092,1089,849,1079,1018,1014,1011,702,1005,1001,990,934,768,915,641,912,0,0,888,863,856,854,853,853,844,837,835,830,828,825,824,822,820,809,809,791,763,760,754,752,0,737,731,728,722,700,697,686,678,677,657,648,386,646,646,645,645,644,642,0,633,615,605,598,596,595,594,588,585,584,583,575,0,570,567,564,563,560,559,558,556,554,550,0,533,310,526,522,516,511,508,0,0,504,501,496,496,494,143,492,490,488,488,483,483,477,475,473,470,468,467,466,465,457,456,449,447,444,0,440,435,430,427,426,424,418,417,416,176,414,413,413,411,411,408,162,407,398,395,393,393,393,391,387,385,383,377,371,370,364,102,363,361,361,361,361,360,357,352,350,350,349,346,344,343,343,343,341,340,335,329,328,326,324,323,322,320,315,312,311,164,310,310,0,307,306,182,299,297,296,296,293,292,292,292,290,290,289,286,0,283,281,277,276,274,271,267,267,267,267,266,266,265,265,262,257,256,256,254,253,253,251,250,250,245,0,244,244,241,240,240,238,238,237,232,231,231,229,229,0,226,225,224,223,222,218,218,217,216,215,212,211,209,209,204,203,203,203,203,202,138,200,197,197,0,194,192,190,188,186,184,182,181,178,176,170,169,167,165,164,164,151,150,148,134,130,130,127,126,124,115,110,109,109,108,105,104,99,93,91,88,84,81,79,79,0,0,68,48,26,12,10,4,0,0,0,0,0,0,0,0,0,0,0,0,0,0,0,0,0,0,0,0,0,0,0
2023-02-04,10504,11767,10346,11395,10913,10149,9532,8651,8795,7495,6917,6127,6677,4962,5469,5349,4235,5184,5047,4960,4766,4761,4526,4490,4347,4267,4236,4226,4107,3002,3891,3880,3562,3345,3337,2314,2878,3080,3058,2944,2878,2871,2531,2754,2735,2647,2590,2361,2335,2306,1979,2080,2074,2009,1978,1950,1890,1884,1855,1852,1830,1717,1704,1695,1694,1657,1647,1628,1622,1546,1545,1539,1525,1517,1469,1442,1436,1381,381,1364,1351,1350,1295,1283,943,1218,1197,1194,1192,1173,1167,1092,1089,849,1079,1018,1014,1011,702,1005,1001,990,934,768,915,641,912,0,0,888,863,856,854,853,853,844,837,835,830,828,825,824,822,820,809,809,791,763,760,754,752,0,737,731,728,722,700,697,686,678,677,657,648,386,646,646,645,645,644,642,0,633,615,605,598,596,595,594,588,585,584,583,575,0,570,567,564,563,560,559,558,556,554,550,0,533,310,526,522,516,511,508,508,0,504,501,496,496,494,493,492,490,488,488,483,483,477,475,473,470,468,467,466,465,457,456,449,447,444,0,440,435,430,427,426,424,418,417,416,176,414,413,413,411,411,408,162,407,398,395,393,393,393,391,387,385,383,377,371,370,364,102,363,361,361,361,361,360,357,352,350,350,349,346,344,343,343,343,341,340,335,329,328,326,324,323,322,320,315,312,311,310,310,310,310,307,306,305,299,297,296,296,293,292,292,292,290,290,289,286,0,283,281,277,276,274,271,267,267,267,267,266,266,265,265,262,257,256,256,254,253,253,251,250,250,245,0,244,244,241,240,240,238,238,237,232,231,231,229,229,228,226,225,224,223,222,218,218,217,216,215,212,211,209,209,204,203,203,203,203,202,201,200,197,197,197,194,192,190,188,186,184,182,181,178,176,170,169,167,165,164,164,151,150,148,134,130,130,127,126,124,115,110,109,109,108,105,104,99,93,91,88,84,81,79,79,75,0,68,48,26,12,10,4,0,0,0,0,0,0,0,0,0,0,0,0,0,0,0,0,0,0,0,0,0,0,0
2023-02-25,11547,11767,10346,11395,10913,10450,9532,8651,8795,7495,7128,6451,6677,4962,5469,5349,4717,5184,5047,4960,4766,4761,4526,4490,4347,4267,4236,4226,4107,3913,3891,3880,3562,3345,3337,2314,3235,3080,3058,2944,2878,2871,2869,2754,2735,2647,2590,2361,2335,2306,2300,2080,2074,2009,1978,1950,1890,1884,1855,1852,1830,1717,1704,1695,1694,1657,1647,1628,1622,1546,1545,1539,1525,1517,1469,1442,1436,1381,679,1364,1351,1350,1295,1283,1278,1218,1197,1194,1192,1173,1167,1092,1089,1086,1079,1018,1014,1011,702,1005,1001,990,934,916,915,914,912,191,306,888,863,856,854,853,853,844,837,835,830,828,825,824,822,820,809,809,791,763,760,754,752,0,737,731,728,722,700,697,686,678,677,657,648,647,646,646,645,645,644,642,0,633,615,605,598,596,595,594,588,585,584,583,575,0,570,567,564,563,560,559,558,556,554,550,225,533,310,526,522,516,511,508,508,0,504,501,496,496,494,493,492,490,488,488,483,483,477,475,473,470,468,467,466,465,457,456,449,447,444,0,440,435,430,427,426,424,418,417,416,176,414,413,413,411,411,408,408,407,398,395,393,393,393,391,387,385,383,377,371,370,364,364,363,361,361,361,361,360,357,352,350,350,349,346,344,343,343,343,341,340,335,329,328,326,324,323,322,320,315,312,311,310,310,310,310,307,306,305,299,297,296,296,293,292,292,292,290,290,289,286,0,283,281,277,276,274,271,267,267,267,267,266,266,265,265,262,257,256,256,254,253,253,251,250,250,245,245,244,244,241,240,240,238,238,237,232,231,231,229,229,228,226,225,224,223,222,218,218,217,216,215,212,211,209,209,204,203,203,203,203,202,201,200,197,197,197,194,192,190,188,186,184,182,181,178,176,170,169,167,165,164,164,151,150,148,134,130,130,127,126,124,115,110,109,109,108,105,104,99,93,91,88,84,81,79,79,75,73,68,48,26,12,10,4,0,0,0,0,0,0,0,0,0,0,0,0,0,0,0,0,0,0,0,0,0,0,0
2023-03-18,12623,11767,11402,11395,10913,10450,9532,9165,8795,7495,7128,6983,6677,5637,5469,5349,5204,5184,5047,4960,4766,4761,4526,4490,4347,4267,4236,4226,4107,3913,3891,3880,3562,3345,3337,3250,3235,3080,3058,2944,2878,2871,2869,2754,2735,2647,2590,2361,2335,2306,2300,2080,2074,2009,1978,1950,1890,1884,1855,1852,1830,1717,1704,1695,1694,1657,1647,1628,1622,1546,1545,1539,1525,1517,1469,1442,1436,1381,1371,1364,1351,1350,1295,1283,1278,1218,1197,1194,1192,1173,1167,1092,1089,1086,1079,1018,1014,1011,1009,1005,1001,990,934,916,915,914,912,906,893,888,863,856,854,853,853,844,837,835,830,828,825,824,822,820,809,809,791,763,760,754,752,751,737,731,728,722,700,697,686,678,677,657,648,647,646,646,645,645,644,642,634,633,615,605,598,596,595,594,588,585,584,583,575,571,570,567,564,563,560,559,558,556,554,550,539,533,531,526,522,516,511,508,508,507,504,501,496,496,494,493,492,490,488,488,483,483,477,475,473,470,468,467,466,465,457,456,449,447,444,441,440,435,430,427,426,424,418,417,416,415,414,413,413,411,411,408,408,407,398,395,393,393,393,391,387,385,383,377,371,370,364,364,363,361,361,361,361,360,357,352,350,350,349,346,344,343,343,343,341,340,335,329,328,326,324,323,322,320,315,312,311,310,310,310,310,307,306,305,299,297,296,296,293,292,292,292,290,290,289,286,286,283,281,277,276,274,271,267,267,267,267,266,266,265,265,262,257,256,256,254,253,253,251,250,250,245,245,244,244,241,240,240,238,238,237,232,231,231,229,229,228,226,225,224,223,222,218,218,217,216,215,212,211,209,209,204,203,203,203,203,202,201,200,197,197,197,194,192,190,188,186,184,182,181,178,176,170,169,167,165,164,164,151,150,148,134,130,130,127,126,124,115,110,109,109,108,105,104,99,93,91,88,84,81,79,79,75,73,68,48,26,12,10,4,0,0,0,0,0,0,0,0,0,0,0,0,0,0,0,0,0,0,0,0,0,0,0
